query_id	query	rank	doc_id	score	passage_preview	start_line
2	English Grammar	1	14006	54.6229	﻿The Project Gutenberg eBook of An English Grammar	1
2	English Grammar	2	11615	49.7501	﻿The Project Gutenberg eBook of The Grammar of English Grammars	1
2	English Grammar	3	15097	49.5905	﻿The Project Gutenberg eBook of A Grammar of the English Tongue	1
2	English Grammar	4	45814	45.3457	﻿The Project Gutenberg eBook of An Advanced English Grammar with Exercises	1
2	English Grammar	5	62064	42.8216	﻿The Project Gutenberg eBook of Rules of the Western Grammar School, Brompton	1
2	English Grammar	6	7188	42.3333	﻿The Project Gutenberg eBook of Higher Lessons in English: A work on English grammar and composition	1
2	English Grammar	7	48702	41.6033	﻿The Project Gutenberg eBook of English Grammar and Composition for Public Schools	1
2	English Grammar	8	44802	40.3816	﻿The Project Gutenberg eBook of The Comic English Grammar: A New And Facetious Introduction To The English Tongue	1
2	English Grammar	9	43397	40.3769	﻿The Project Gutenberg eBook of The Comic English Grammar: A New and Facetious Introduction to the English Tongue	1
2	English Grammar	10	17594	39.3282	﻿The Project Gutenberg eBook of Lectures on Language, as Particularly Connected with English Grammar	1
2	English Grammar	11	50595	35.3662	﻿The Project Gutenberg eBook of Bohemian Grammar	1
2	English Grammar	12	69207	35.3124	﻿The Project Gutenberg eBook of Tibetan Grammar	1
2	English Grammar	13	59795	35.2028	﻿The Project Gutenberg eBook of A Finnish Grammar	1
2	English Grammar	14	45023	35.1219	﻿The Project Gutenberg eBook of The Pictorial Grammar	1
2	English Grammar	15	36882	34.0650	﻿The Project Gutenberg eBook of A Grammar of Freethought	1
2	English Grammar	16	26991	32.9014	﻿The Project Gutenberg eBook of A Short System of English Grammar	1
2	English Grammar	17	30036	32.7808	﻿The Project Gutenberg eBook of Word Study and English Grammar	1
2	English Grammar	18	28766	32.5810	﻿The Project Gutenberg eBook of Elements of Gaelic Grammar	1
2	English Grammar	19	22577	32.4316	﻿The Project Gutenberg eBook of Practical Grammar and Composition	1
2	English Grammar	20	15665	31.8818	﻿The Project Gutenberg eBook of New Latin Grammar	1
2	English Grammar	21	7787	31.6624	﻿The Project Gutenberg eBook of A Complete Grammar of Esperanto	1
2	English Grammar	22	12358	31.0578	Author: Society for Pure English	14
2	English Grammar	23	7010	29.9579	﻿The Project Gutenberg eBook of Graded Lessons in English	1
2	English Grammar	24	44653	29.1429	﻿The Project Gutenberg eBook of A Latin Grammar for Schools and Colleges	1
2	English Grammar	25	28415	28.3949	﻿The Project Gutenberg eBook of History Plays for the Grammar Grades	1
2	English Grammar	26	50336	27.6559	﻿The Project Gutenberg eBook of A Gothic Grammar, with selections for reading and a glossary	1
2	English Grammar	27	5424	27.3949	﻿The Project Gutenberg eBook of Icelandic Primer with Grammar, Notes and Glossary	1
2	English Grammar	28	34022	27.2854	﻿The Project Gutenberg eBook of An Essay in Aid of a Grammar of Assent	1
2	English Grammar	29	12735	26.9320	﻿The Project Gutenberg eBook of The Grammar School Boys in Summer Athletics	1
2	English Grammar	30	66712	26.8777	﻿The Project Gutenberg eBook of Grammar-land; Or, Grammar in Fun for the Children of Schoolroom-shire	1
2	English Grammar	31	42026	26.7162	﻿The Project Gutenberg eBook of English-Bisaya Grammar, in Twenty Eight Lessons	1
2	English Grammar	32	21197	26.0474	﻿The Project Gutenberg eBook of Diego Collado's Grammar of the Japanese Language	1
2	English Grammar	33	62128	26.0144	﻿The Project Gutenberg eBook of A Grammar of Colloquial Chinese, as Exhibited in the Shanghai Dialect	1
2	English Grammar	34	35815	25.9680	﻿The Project Gutenberg eBook of The International Auxiliary Language Esperanto: Grammar & Commentary	1
2	English Grammar	35	12524	25.9655	﻿The Project Gutenberg eBook of The Englishing of French Words; the Dialectal Words in Blunden's Poems	1
2	English Grammar	36	44897	25.8706	﻿The Project Gutenberg eBook of Grammar of the New Zealand language (2nd edition)	1
2	English Grammar	37	5762	25.5516	﻿The Project Gutenberg eBook of Grammar and Vocabulary of the Lau Language, Solomon Islands	1
2	English Grammar	38	34595	24.3624	﻿The Project Gutenberg eBook of The English Language	1
2	English Grammar	39	15127	24.1552	﻿The Project Gutenberg eBook of Pitman's Commercial Spanish Grammar (2nd ed.)	1
2	English Grammar	40	40550	23.9867	﻿The Project Gutenberg eBook of Plain English	1
2	English Grammar	41	16737	23.4769	Language: English	19
2	English Grammar	42	29456	23.4013	﻿The Project Gutenberg eBook of The Comic Latin Grammar: A new and facetious introduction to the Latin tongue	1
2	English Grammar	43	49832	23.3891	﻿The Project Gutenberg eBook of English Monasteries	1
2	English Grammar	44	34316	23.2339	﻿The Project Gutenberg eBook of Anglo-Saxon Primer, With Grammar, Notes, and Glossary	1
2	English Grammar	45	41016	23.1973	﻿The Project Gutenberg eBook of The Land of Song, Book 3. For upper grammar grades	1
2	English Grammar	46	38880	23.1967	﻿The Project Gutenberg eBook of The Land of Song, Book 2. For lower grammar grades	1
2	English Grammar	47	6963	23.1398	﻿The Project Gutenberg eBook of Elson Grammar School Literature, book 4	1
2	English Grammar	48	69603	23.1291	﻿The Project Gutenberg eBook of Bisayan grammar and notes on Bisayan rhetoric and poetics and Filipino dialectology	1
2	English Grammar	49	57664	23.0096	﻿The Project Gutenberg eBook of The English Lakes	1
2	English Grammar	50	19807	22.8936	﻿The Project Gutenberg eBook of Sketch of Grammar of the Chippeway Languages	1
2	English Grammar	51	14070	22.7997	﻿The Project Gutenberg eBook of English Grammar in Familiar Lectures	1
2	English Grammar	52	42139	22.7766	﻿The Project Gutenberg eBook of The English Lakes	1
2	English Grammar	53	22129	22.6333	Author: Douglas English	14
2	English Grammar	54	20789	22.3240	﻿The Project Gutenberg eBook of The Grammar School Boys Snowbound; or, Dick & Co. at Winter Sports	1
2	English Grammar	55	28436	22.2996	﻿The Project Gutenberg eBook of A Handbook of the English Language	1
2	English Grammar	56	11694	22.1526	﻿The Project Gutenberg eBook of The evolution of English lexicography	1
2	English Grammar	57	44289	22.1328	﻿The Project Gutenberg eBook of An Outline of English Speech-craft	1
2	English Grammar	58	34251	22.0737	﻿The Project Gutenberg eBook of English As We Speak It in Ireland	1
2	English Grammar	59	23186	22.0189	﻿The Project Gutenberg eBook of The Handbook to English Heraldry	1
2	English Grammar	60	31277	21.9812	﻿The Project Gutenberg eBook of Anglo-Saxon Grammar and Exercise Book	1
2	English Grammar	61	71332	21.9254	﻿The Project Gutenberg eBook of History in English words	1
2	English Grammar	62	12421	21.8457	﻿The Project Gutenberg eBook of Practical Exercises in English	1
2	English Grammar	63	20900	21.8384	﻿The Project Gutenberg eBook of English Past and Present	1
2	English Grammar	64	25000	21.8276	﻿The Project Gutenberg eBook of English Book Collectors	1
2	English Grammar	65	28097	21.6518	﻿The Project Gutenberg eBook of English: Composition and Literature	1
2	English Grammar	66	14227	21.5844	﻿The Project Gutenberg eBook of On English Homophones	1
2	English Grammar	67	6320	21.2743	﻿The Project Gutenberg eBook of English literary criticism	1
2	English Grammar	68	22307	21.2105	﻿The Project Gutenberg eBook of The Grammar School Boys of Gridley; or, Dick & Co. Start Things Moving	1
2	English Grammar	69	29214	21.1935	﻿The Project Gutenberg eBook of Dialogues in French and English	1
2	English Grammar	70	16358	21.1099	﻿The Project Gutenberg eBook of The English Gipsies and Their Language	1
2	English Grammar	71	69236	20.9370	﻿The Project Gutenberg eBook of The high school course in English	1
2	English Grammar	72	45367	20.8932	﻿The Project Gutenberg eBook of Our English Towns and Villages	1
2	English Grammar	73	37342	20.8892	﻿The Project Gutenberg eBook of Medieval English Literature	1
2	English Grammar	74	13403	20.8204	﻿The Project Gutenberg eBook of English Travellers of the Renaissance	1
2	English Grammar	75	67503	20.6989	﻿The Project Gutenberg eBook of Parts of Speech: Essays on English	1
2	English Grammar	76	47714	20.6968	﻿The Project Gutenberg eBook of English Heraldic Book-stamps	1
2	English Grammar	77	50439	20.6957	﻿The Project Gutenberg eBook of English Eccentrics and Eccentricities	1
2	English Grammar	78	62265	20.6183	﻿The Project Gutenberg eBook of A First Book in Writing English	1
2	English Grammar	79	55097	20.5480	Author: Douglas English	14
2	English Grammar	80	24790	20.5051	﻿The Project Gutenberg eBook of Early English Meals and Manners	1
2	English Grammar	81	67953	20.3755	﻿The Project Gutenberg eBook of Questions at Issue in Our English Speech	1
2	English Grammar	82	47382	20.3586	﻿The Project Gutenberg eBook of The Sounds of Spoken English: A Manual of Ear Training for English Students	1
2	English Grammar	83	2040	20.3053	﻿The Project Gutenberg eBook of Confessions of an English Opium-Eater	1
2	English Grammar	84	46648	20.2735	﻿The Project Gutenberg eBook of An Old English Home and Its Dependencies	1
2	English Grammar	85	56453	20.1825	﻿The Project Gutenberg eBook of The Egregious English	1
2	English Grammar	86	39862	20.1793	﻿The Project Gutenberg eBook of English Traits	1
2	English Grammar	87	58938	20.1741	﻿The Project Gutenberg eBook of English Hours	1
2	English Grammar	88	4351	20.1728	﻿The Project Gutenberg eBook of The English Constitution	1
2	English Grammar	89	41448	20.1696	﻿The Project Gutenberg eBook of The Oppressed English	1
2	English Grammar	90	14469	20.1694	﻿The Project Gutenberg eBook of The English Novel	1
2	English Grammar	91	9197	20.1675	﻿The Project Gutenberg eBook of English Villages	1
2	English Grammar	92	43148	20.1468	﻿The Project Gutenberg eBook of An English Squire	1
2	English Grammar	93	16126	20.1466	﻿The Project Gutenberg eBook of English Satires	1
2	English Grammar	94	67874	20.1441	﻿The Project Gutenberg eBook of Some English Gardens	1
2	English Grammar	95	33020	20.1326	﻿The Project Gutenberg eBook of English Costume	1
2	English Grammar	96	10913	20.1206	﻿The Project Gutenberg eBook of English Poems	1
2	English Grammar	97	37091	20.1176	﻿The Project Gutenberg eBook of A Song of the English	1
2	English Grammar	98	37072	20.0948	﻿The Project Gutenberg eBook of A Brief Handbook of English Authors	1
2	English Grammar	99	38111	20.0803	﻿The Project Gutenberg eBook of English Society	1
2	English Grammar	100	5430	20.0800	﻿The Project Gutenberg eBook of Preface to a Dictionary of the English Language	1
3	Philip K Dick	1	44995	47.5807	﻿The Project Gutenberg eBook of Dick & Fitzgerald Catalog (1866)	1
3	Philip K Dick	2	28554	46.7634	﻿The Project Gutenberg eBook of Beyond Lies the Wub	1
3	Philip K Dick	3	28698	46.5142	﻿The Project Gutenberg eBook of The Crystal Crypt	1
3	Philip K Dick	4	28767	46.4502	﻿The Project Gutenberg eBook of The Defenders	1
3	Philip K Dick	5	28644	46.1915	﻿The Project Gutenberg eBook of Beyond the Door	1
3	Philip K Dick	6	31516	45.8134	﻿The Project Gutenberg eBook of The Eyes Have It	1
3	Philip K Dick	7	40964	45.5188	﻿The Project Gutenberg eBook of Tony and the Beetles	1
3	Philip K Dick	8	29132	45.5140	﻿The Project Gutenberg eBook of The Gun	1
3	Philip K Dick	9	41562	45.4836	﻿The Project Gutenberg eBook of The Hanging Stranger	1
3	Philip K Dick	10	70242	45.3595	﻿The Project Gutenberg eBook of Prize ship	1
3	Philip K Dick	11	30255	45.2967	﻿The Project Gutenberg eBook of The Skull	1
3	Philip K Dick	12	32032	44.8139	﻿The Project Gutenberg eBook of Second Variety	1
3	Philip K Dick	13	32154	44.2850	﻿The Project Gutenberg eBook of The Variable Man	1
3	Philip K Dick	14	9931	43.6274	﻿The Project Gutenberg eBook of K	1
3	Philip K Dick	15	32522	43.3396	﻿The Project Gutenberg eBook of Mr. Spaceship	1
3	Philip K Dick	16	48440	42.9794	﻿The Project Gutenberg eBook of The Plays of Philip Massinger, Vol. I	1
3	Philip K Dick	17	32832	42.1828	﻿The Project Gutenberg eBook of Piper in the Woods	1
3	Philip K Dick	18	30431	40.9966	﻿The Project Gutenberg eBook of Calumet 'K'	1
3	Philip K Dick	19	18154	40.9405	"﻿The Project Gutenberg eBook of Calumet ""K"""	1
3	Philip K Dick	20	56208	38.7854	﻿The Project Gutenberg eBook of Philip Hale's Boston Symphony Programme Notes	1
3	Philip K Dick	21	12302	37.6228	﻿The Project Gutenberg eBook of All in It : K(1) Carries On	1
3	Philip K Dick	22	35365	36.8694	﻿The Project Gutenberg eBook of Philip Massinger	1
3	Philip K Dick	23	39909	36.0415	﻿The Project Gutenberg eBook of The Poems of Philip Freneau, Poet of the American Revolution. Volume 3 (of 3)	1
3	Philip K Dick	24	38475	35.9707	﻿The Project Gutenberg eBook of The Poems of Philip Freneau, Poet of the American Revolution. Volume 1 (of 3)	1
3	Philip K Dick	25	38529	35.7669	﻿The Project Gutenberg eBook of The Poems of Philip Freneau, Poet of the American Revolution. Volume 2 (of 3)	1
3	Philip K Dick	26	21382	35.3774	﻿The Project Gutenberg eBook of Son Philip	1
3	Philip K Dick	27	44693	34.7649	﻿The Project Gutenberg eBook of The Adventure Girls at K Bar O	1
3	Philip K Dick	28	55161	33.6939	﻿The Project Gutenberg eBook of The Madness of Philip, and Other Tales of Childhood	1
3	Philip K Dick	29	13168	33.5223	﻿The Project Gutenberg eBook of Dick in the Everglades	1
3	Philip K Dick	30	53166	33.5185	﻿The Project Gutenberg eBook of Dick and Dolly	1
3	Philip K Dick	31	19554	33.5148	﻿The Project Gutenberg eBook of Dick Lionheart	1
3	Philip K Dick	32	31556	33.5129	﻿The Project Gutenberg eBook of Dick in the Desert	1
3	Philip K Dick	33	16969	33.5089	﻿The Project Gutenberg eBook of Dick and Brownie	1
3	Philip K Dick	34	62304	33.5026	﻿The Project Gutenberg eBook of Black'erchief Dick	1
3	Philip K Dick	35	60776	32.2072	﻿The Project Gutenberg eBook of The Transformation of Philip Jettan	1
3	Philip K Dick	36	50261	32.2064	﻿The Project Gutenberg eBook of Philip II. of Spain	1
3	Philip K Dick	37	18171	32.2049	﻿The Project Gutenberg eBook of The Crucifixion of Philip Strong	1
3	Philip K Dick	38	40044	32.1816	﻿The Project Gutenberg eBook of Journal and Letters of Philip Vickers Fithian: A Plantation Tutor of the Old Dominion, 1773-1774	1
3	Philip K Dick	39	39734	32.1439	﻿The Project Gutenberg eBook of The Life of Philip Melanchthon	1
3	Philip K Dick	40	32635	31.9157	﻿The Project Gutenberg eBook of The Diary of Philip Westerly	1
3	Philip K Dick	41	2489	31.1145	﻿The Project Gutenberg eBook of Moby Dick; Or, The Whale	1
3	Philip K Dick	42	2701	31.1065	﻿The Project Gutenberg eBook of Moby Dick; Or, The Whale	1
3	Philip K Dick	43	50816	30.5995	﻿The Project Gutenberg eBook of Dick Kent with the Eskimos	1
3	Philip K Dick	44	48226	30.5988	﻿The Project Gutenberg eBook of Dick Donnelly of the Paratroops	1
3	Philip K Dick	45	56714	30.5984	﻿The Project Gutenberg eBook of Dick Lester of Kurrajong	1
3	Philip K Dick	46	54747	30.5983	﻿The Project Gutenberg eBook of Tom, Dick and Harriet	1
3	Philip K Dick	47	20119	30.5960	﻿The Project Gutenberg eBook of Ambrotox and Limping Dick	1
3	Philip K Dick	48	63499	30.5906	﻿The Project Gutenberg eBook of Dick and Larry: Freshmen	1
3	Philip K Dick	49	72111	30.5892	﻿The Project Gutenberg eBook of Dick's retriever	1
3	Philip K Dick	50	28351	30.5695	﻿The Project Gutenberg eBook of Dick and His Cat, and Other Tales	1
3	Philip K Dick	51	57476	29.6023	﻿The Project Gutenberg eBook of Philip: The Story of a Boy Violinist	1
3	Philip K Dick	52	57203	29.5985	﻿The Project Gutenberg eBook of Left to Themselves: Being the Ordeal of Philip and Gerald	1
3	Philip K Dick	53	50462	29.5790	﻿The Project Gutenberg eBook of Philip Augustus; or, The Brothers in Arms	1
3	Philip K Dick	54	29494	29.5768	﻿The Project Gutenberg eBook of King Philip	1
3	Philip K Dick	55	20992	29.5149	﻿The Project Gutenberg eBook of Tom, Dick and Harry	1
3	Philip K Dick	56	9150	29.4265	﻿The Project Gutenberg eBook of Dick Sands, the Boy Captain	1
3	Philip K Dick	57	12051	29.3265	﻿The Project Gutenberg eBook of Dick Sand: A Captain at Fifteen	1
3	Philip K Dick	58	53133	28.9370	﻿The Project Gutenberg eBook of The High Toby	1
3	Philip K Dick	59	50125	28.5505	﻿The Project Gutenberg eBook of The Court of Philip IV.: Spain in Decadence	1
3	Philip K Dick	60	50431	28.2185	﻿The Project Gutenberg eBook of Dick Kent with the Mounted Police	1
3	Philip K Dick	61	50505	28.2172	﻿The Project Gutenberg eBook of Dick Kent in the Far North	1
3	Philip K Dick	62	51848	28.2154	﻿The Project Gutenberg eBook of Dick Kent at Half-Way House	1
3	Philip K Dick	63	32537	28.2147	﻿The Project Gutenberg eBook of The Newsboy Partners; Or, Who Was Dick Box?	1
3	Philip K Dick	64	52207	28.2143	﻿The Project Gutenberg eBook of Dick Kent, Fur Trader	1
3	Philip K Dick	65	52385	28.2138	﻿The Project Gutenberg eBook of Dick Kent with the Malemute Mail	1
3	Philip K Dick	66	50275	28.2103	﻿The Project Gutenberg eBook of Dick Kent on Special Duty	1
3	Philip K Dick	67	38471	28.2069	﻿The Project Gutenberg eBook of Dick Randall, the Young Athlete	1
3	Philip K Dick	68	21455	28.0554	﻿The Project Gutenberg eBook of Dick Cheveley: His Adventures and Misadventures	1
3	Philip K Dick	69	21459	27.9677	﻿The Project Gutenberg eBook of Dick Onslow Among the Redskins	1
3	Philip K Dick	70	63820	27.7750	﻿The Project Gutenberg eBook of Company K, First Alabama Regiment; or, Three Years in the Confederate Service	1
3	Philip K Dick	71	21059	27.6880	﻿The Project Gutenberg eBook of The Adventures of Dick Maitland: A Tale of Unknown Africa	1
3	Philip K Dick	72	664	27.4470	﻿The Project Gutenberg eBook of The Gutenberg Webster's Unabridged Dictionary: Section I, J, K, and L	1
3	Philip K Dick	73	65080	27.1096	﻿The Project Gutenberg eBook of Dick Rodney; or, The Adventures of an Eton Boy	1
3	Philip K Dick	74	45626	26.8772	﻿The Project Gutenberg eBook of History of Company K of the 140th Regiment Pennsylvania Volunteers (1862-'65)	1
3	Philip K Dick	75	62411	26.5241	﻿The Project Gutenberg eBook of Dick Merriwell's Glory; Or, Friends and Foes	1
3	Philip K Dick	76	12877	26.4386	"﻿The Project Gutenberg eBook of The First Hundred Thousand: Being the Unofficial Chronicle of a Unit of ""K(1)"""	1
3	Philip K Dick	77	23541	26.4132	﻿The Project Gutenberg eBook of Dick, Marjorie and Fidge: A Search for the Wonderful Dodo	1
3	Philip K Dick	78	18981	26.2310	﻿The Project Gutenberg eBook of Dick the Bank Boy; Or, A Missing Fortune	1
3	Philip K Dick	79	71493	26.2157	﻿The Project Gutenberg eBook of Diligent Dick	1
3	Philip K Dick	80	40700	26.1375	﻿The Project Gutenberg eBook of Dandy Dick: A Play in Three Acts	1
3	Philip K Dick	81	4633	25.6112	﻿The Project Gutenberg eBook of Philip Steele of the Royal Northwest Mounted Police	1
3	Philip K Dick	82	28616	25.6003	﻿The Project Gutenberg eBook of Penshurst Castle in the Time of Sir Philip Sidney	1
3	Philip K Dick	83	6711	25.5891	﻿The Project Gutenberg eBook of Philip Dru: Administrator; A Story of Tomorrow, 1920-1935	1
3	Philip K Dick	84	48571	25.1880	﻿The Project Gutenberg eBook of Philip of Texas: A Story of Sheep Raising in Texas	1
3	Philip K Dick	85	21306	24.5626	﻿The Project Gutenberg eBook of Dick o' the Fens: A Tale of the Great East Swamp	1
3	Philip K Dick	86	41866	24.5606	﻿The Project Gutenberg eBook of Dick Merriwell's Trap; Or, The Chap Who Bungled	1
3	Philip K Dick	87	41827	24.5535	﻿The Project Gutenberg eBook of Dick Merriwell Abroad; Or, The Ban of the Terrible Ten	1
3	Philip K Dick	88	61174	24.5502	﻿The Project Gutenberg eBook of Dick Merriwell's Day; Or, Iron Nerve	1
3	Philip K Dick	89	21399	24.5289	﻿The Project Gutenberg eBook of Dick and His Cat	1
3	Philip K Dick	90	47012	24.4494	﻿The Project Gutenberg eBook of Dick Darling's Money; or, The Rise of an Office Boy; and Other Stories	1
3	Philip K Dick	91	28951	24.2302	﻿The Project Gutenberg eBook of Frontier service during the rebellion	1
3	Philip K Dick	92	57470	24.0472	﻿The Project Gutenberg eBook of Captured by Apes; or, How Philip Garland Became King of Apeland	1
3	Philip K Dick	93	54484	24.0393	﻿The Project Gutenberg eBook of Cardinal Pole; Or, The Days of Philip and Mary: An Historical Romance	1
3	Philip K Dick	94	64669	23.8859	﻿The Project Gutenberg eBook of Philip Rollo; or, the Scottish Musketeers, Vol. 1 (of 2)	1
3	Philip K Dick	95	64670	23.7355	﻿The Project Gutenberg eBook of Philip Rollo; or, the Scottish Musketeers, Vol. 2 (of 2)	1
3	Philip K Dick	96	5348	23.1345	﻿The Project Gutenberg eBook of Ragged Dick, Or, Street Life in New York with the Boot-Blacks	1
3	Philip K Dick	97	2065	23.1309	﻿The Project Gutenberg eBook of Dick Hamilton's Airship; Or, A Young Millionaire in the Clouds	1
3	Philip K Dick	98	12690	23.1277	﻿The Project Gutenberg eBook of The High School Pitcher; or, Dick & Co. on the Gridley Diamond	1
3	Philip K Dick	99	41879	23.1261	﻿The Project Gutenberg eBook of Dick Merriwell's Pranks; Or, Lively Times in the Orient	1
3	Philip K Dick	100	39800	23.1246	﻿The Project Gutenberg eBook of The Adventures of Dick Trevanion: A Story of Eighteen Hundred and Four	1
4	Jabberwocky	1	9380	16.2853	JABBERWOCKY                            Lewis Carroll	59
4	Jabberwocky	2	35418	15.5841	"and if the story had no other merit, ""The Jabberwocky"" alone would have"	3593
4	Jabberwocky	3	36308	15.4111	JABBERWOCKY                                           29	112
4	Jabberwocky	4	20353	14.9106	Jabberwocky                                   Lewis Carroll        19	86
4	Jabberwocky	5	11483	14.7960	"the Looking-Glass""--""Jabberwocky"" in Latin--C.S."	195
4	Jabberwocky	6	12	12.7992	JABBERWOCKY.	442
4	Jabberwocky	7	23545	11.9073	"Dong with the Luminous Nose"" and Carroll's ""Jabberwocky"" are,"	112
4	Jabberwocky	8	30778	11.7918	"Nothing of its kind better than ""Jabberwocky"" has ever been written,"	1257
4	Jabberwocky	9	23972	11.4494	The Jabberwocky of Authors             _Harry Persons Taber_         437	636
4	Jabberwocky	10	35688	11.3075	JABBERWOCKY	504
4	Jabberwocky	11	10688	11.0747	and Avernus, Jabberwocky, Hornets, Nevermore, Gibraltar, Tamaracks,	462
4	Jabberwocky	12	32587	10.7991	Jabberwocky emerged from the loudspeaker, ending in a chorus of,	2457
4	Jabberwocky	13	61325	10.0914	"did ""gyre and gimbel"" in the immortal poem ""Jabberwocky."""	7357
4	Jabberwocky	14	59004	10.0026	immortal poem, “Jabberwocky,” has become a classic; but even in that	253
4	Jabberwocky	15	42574	9.5496	walk I'll go with you and do what I can in case the Jabberwocky or the	3606
4	Jabberwocky	16	41861	9.4464	toothless Jabberwocky. Miss Talbot tried the effect of cool, insistent	3089
4	Jabberwocky	17	43223	9.3142	JABBERWOCKY.	15223
4	Jabberwocky	18	13784	8.1640	of the Jabberwocky of the Rennes court-martial as it is reported in	98
4	Jabberwocky	19	72054	7.9998	Jabberwocky.	4650
4	Jabberwocky	20	51248	7.9839	"the Carpenter,"" ""Jabberwocky."""	958
4	Jabberwocky	21	35138	7.6783	"Jabberwocky""; even grown-ups dote on ""Little Billee,"" as Thackeray"	730
4	Jabberwocky	22	56208	7.5909	II. Jabberwocky	13472
4	Jabberwocky	23	23800	7.2911	"Lewis Carroll's immortal ""Jabberwocky"" shows much rich humor of the"	3594
4	Jabberwocky	24	35341	7.2553	"""The Jabberwocky,"" _Alice in Wonderland_."	6467
4	Jabberwocky	25	54133	6.8500	Carpenter,” and Marie-Celeste's in the recitation of “Jabberwocky”	6389
4	Jabberwocky	26	23780	6.5493	the forest, and their language was decidedly Jabberwocky. The little	3904
4	Jabberwocky	27	6588	6.4818	Jabberwocky	399
4	Jabberwocky	28	37664	6.0399	"""Good Lord! What can I say? I can recite the Jabberwocky or the alphabet"	4402
4	Jabberwocky	29	65688	5.6202	sense in which we talk of the nonsense of Jabberwocky or the Land where	3853
4	Jabberwocky	30	50807	5.5823	night I would repeat the Jabberwocky. It had taken me a whole week	988
4	Jabberwocky	31	25730	5.3402	pleasurable one word jabberwocky despite the fiercely driven	813
4	Jabberwocky	32	70887	5.2690	The Jabberwocky (Dodgson)	13325
4	Jabberwocky	33	66346	4.7735	the second movement, “Jabberwocky,” the theme of the frightful beast,	12713
4	Jabberwocky	34	38	4.1872	":burble: [from Lewis Carroll's ""Jabberwocky""] v. Like {flame},"	3965
4	Jabberwocky	35	817	3.7886	":burble: /v./  [from Lewis Carroll's ""Jabberwocky""] Like"	2965
4	Jabberwocky	36	32267	3.7527	"""Jabberwocky."" Carroll, with a sense of mathematical neatness, makes"	18104
4	Jabberwocky	37	70546	3.3206	JABBERWOCKY.	8774
4	Jabberwocky	38	3008	3.1765	"[from Lewis Carroll's ""Jabberwocky""] Like flame, but connotes that the source is truly"	8680
5	Gutenberg	1	576	43.8405	﻿           The Project Gutenberg eBook of The Project Gutenberg Web Pages	1
5	Gutenberg	2	673	40.2208	*The Project Gutenberg Etext of Webster's Unabridged Dictionary*	7
5	Gutenberg	3	200	39.3864	﻿The Project Gutenberg eBook of The Project Gutenberg Encyclopedia, Volume 1 of 28	1
5	Gutenberg	4	27045	24.3579	﻿The Project Gutenberg eBook of Project Gutenberg (1971-2008)	1
5	Gutenberg	5	51358	24.3576	﻿The Project Gutenberg eBook of Gutenberg, and the Art of Printing	1
5	Gutenberg	6	27039	24.3568	﻿The Project Gutenberg eBook of Project Gutenberg (1971-2005)	1
5	Gutenberg	7	31632	24.3509	﻿The Project Gutenberg eBook of Project Gutenberg (1971-2009)	1
5	Gutenberg	8	27046	22.3997	﻿The Project Gutenberg eBook of Le Projet Gutenberg (1971-2008)	1
5	Gutenberg	9	27040	22.3971	﻿The Project Gutenberg eBook of Le Projet Gutenberg (1971-2005)	1
5	Gutenberg	10	31634	22.3864	﻿The Project Gutenberg eBook of Le Projet Gutenberg (1971-2009)	1
5	Gutenberg	11	31633	22.3863	﻿The Project Gutenberg eBook of El Proyecto Gutenberg (1971-2009)	1
5	Gutenberg	12	9109	22.3816	﻿The Project Gutenberg eBook of The Project Gutenberg FAQ 2002	1
5	Gutenberg	13	181	22.0828	﻿The Project Gutenberg eBook of The Project Gutenberg RST Manual	1
5	Gutenberg	14	10802	21.9113	THE PROJECT GUTENBERG CD AND DVD IMAGE README.TXT FILE	1
5	Gutenberg	15	14585	20.7673	﻿The Project Gutenberg eBook of ERPANET Case Study: Project Gutenberg	1
5	Gutenberg	16	29441	20.4351	﻿The Project Gutenberg eBook of The Project Gutenberg Works of Plato: An Index	1
5	Gutenberg	17	57714	20.2613	﻿The Project Gutenberg eBook of Index of the Project Gutenberg Works of Don Marquis	1
5	Gutenberg	18	29459	19.9256	﻿The Project Gutenberg eBook of The Project Gutenberg Works of Xenophon: An Index	1
5	Gutenberg	19	59049	19.8030	﻿The Project Gutenberg eBook of Index of the Project Gutenberg Works of Rabelais	1
5	Gutenberg	20	57966	19.7403	﻿The Project Gutenberg eBook of Index of the Project Gutenberg Works of Thackeray	1
5	Gutenberg	21	58975	19.0167	﻿The Project Gutenberg eBook of Index of Project Gutenberg Works on Black History	1
5	Gutenberg	22	59509	18.9580	﻿The Project Gutenberg eBook of Index of the Project Gutenberg Works of Edward Gibbon	1
5	Gutenberg	23	29156	18.9134	﻿The Project Gutenberg eBook of The Project Gutenberg Works of Joseph Conrad: An Index	1
5	Gutenberg	24	11220	18.9115	THE PROJECT GUTENBERG CD AND DVD IMAGE README.TXT FILE	1
5	Gutenberg	25	58383	18.6085	﻿The Project Gutenberg eBook of Index of the Project Gutenberg Works of Anthony Trollope	1
5	Gutenberg	26	29434	18.5527	﻿The Project Gutenberg eBook of The Project Gutenberg Works of Flavius Josephus: An Index	1
5	Gutenberg	27	29430	18.5520	﻿The Project Gutenberg eBook of The Project Gutenberg Works of Hall Caine: An Index	1
5	Gutenberg	28	29467	18.5517	﻿The Project Gutenberg eBook of The Project Gutenberg Works of Joseph Lincoln: An Index	1
5	Gutenberg	29	29431	18.5510	﻿The Project Gutenberg eBook of The Project Gutenberg Works of Rafael Sabatini: An Index	1
5	Gutenberg	30	58573	18.5415	﻿The Project Gutenberg eBook of Index of the Project Gutenberg Works of Leonid Andreyev	1
5	Gutenberg	31	59361	18.5383	﻿The Project Gutenberg eBook of Index of the Project Gutenberg Works of Aldous Huxley	1
5	Gutenberg	32	59570	18.5374	﻿The Project Gutenberg eBook of Index of the Project Gutenberg Works of Charles Bradlaugh	1
5	Gutenberg	33	59785	18.5360	﻿The Project Gutenberg eBook of Index of the Project Gutenberg Works of James Joyce	1
5	Gutenberg	34	57703	18.5334	﻿The Project Gutenberg eBook of Index of the Project Gutenberg Works of Vaughan Kester	1
5	Gutenberg	35	58195	18.5312	﻿The Project Gutenberg eBook of Index of the Project Gutenberg Works of Edna Ferber	1
5	Gutenberg	36	59194	18.5278	﻿The Project Gutenberg eBook of Index of the Project Gutenberg Works of Alexander Pushkin	1
5	Gutenberg	37	58272	18.5274	﻿The Project Gutenberg eBook of Index of the Project Gutenberg Works of Aleksandr Pushkin	1
5	Gutenberg	38	59393	18.5219	﻿The Project Gutenberg eBook of Index of the Project Gutenberg Works of Herbert Spencer	1
5	Gutenberg	39	59671	18.5202	﻿The Project Gutenberg eBook of Index of the Project Gutenberg Works of Bram Stoker	1
5	Gutenberg	40	59706	18.5146	﻿The Project Gutenberg eBook of Index of the Project Gutenberg Works of Stephen Crane	1
5	Gutenberg	41	58329	18.5126	﻿The Project Gutenberg eBook of Index of the Project Gutenberg Works of Oscar Wilde	1
5	Gutenberg	42	59507	18.5110	﻿The Project Gutenberg eBook of Index of the Project Gutenberg Works of Gustave Flaubert	1
5	Gutenberg	43	59767	18.5079	﻿The Project Gutenberg eBook of Index of the Project Gutenberg Works of William Wood	1
5	Gutenberg	44	59163	18.5073	﻿The Project Gutenberg eBook of Index of the Project Gutenberg Works of Francis Bacon	1
5	Gutenberg	45	57721	18.5070	﻿The Project Gutenberg eBook of Index of the Project Gutenberg Works of Booth Tarkington	1
5	Gutenberg	46	59786	18.5063	﻿The Project Gutenberg eBook of Index of the Project Gutenberg Works of Cornelius Tacitus	1
5	Gutenberg	47	59196	18.5059	﻿The Project Gutenberg eBook of Index of the Project Gutenberg Works of Fyodor Dostoevsky	1
5	Gutenberg	48	57694	18.5054	﻿The Project Gutenberg eBook of Index of the Project Gutenberg Works of Coningsby Dawson	1
5	Gutenberg	49	59408	18.5052	﻿The Project Gutenberg eBook of Index of the Project Gutenberg Works of Ralph Connor	1
5	Gutenberg	50	58382	18.5038	﻿The Project Gutenberg eBook of Index of the Project Gutenberg Works of Hugh Walpole	1
5	Gutenberg	51	58905	18.5029	﻿The Project Gutenberg eBook of Index of the Project Gutenberg Works of August Strindberg	1
5	Gutenberg	52	59164	18.5024	﻿The Project Gutenberg eBook of Index of the Project Gutenberg Works of George Gibbs	1
5	Gutenberg	53	59637	18.5021	﻿The Project Gutenberg eBook of Index of the Project Gutenberg Works of O. Henry	1
5	Gutenberg	54	57716	18.5019	﻿The Project Gutenberg eBook of Index of the Project Gutenberg Works of Samuel Merwin	1
5	Gutenberg	55	58807	18.4984	﻿The Project Gutenberg eBook of Index of the Project Gutenberg Works of Ambrose Bierce	1
5	Gutenberg	56	58777	18.4981	﻿The Project Gutenberg eBook of Index of the Project Gutenberg Works of George Eliot	1
5	Gutenberg	57	58439	18.4973	﻿The Project Gutenberg eBook of Index of the Project Gutenberg Works of Stephen Leacock	1
5	Gutenberg	58	57706	18.4953	﻿The Project Gutenberg eBook of Index of the Project Gutenberg Works of Henry Lawson	1
5	Gutenberg	59	58025	18.4898	﻿The Project Gutenberg eBook of Index of the Project Gutenberg Works of Friedrich Nietzsche	1
5	Gutenberg	60	59461	18.4890	﻿The Project Gutenberg eBook of Index of the Project Gutenberg Works of Jack London	1
5	Gutenberg	61	59024	18.4887	﻿The Project Gutenberg eBook of Index of the Project Gutenberg Works of Arthur Schopenhauer	1
5	Gutenberg	62	59669	18.4877	﻿The Project Gutenberg eBook of Index of the Project Gutenberg Works of Frederic Remington	1
5	Gutenberg	63	58993	18.4870	﻿The Project Gutenberg eBook of Index of the Project Gutenberg Works of John Burroughs	1
5	Gutenberg	64	57686	18.4869	﻿The Project Gutenberg eBook of Index of the Project Gutenberg Works of Robert Barr	1
5	Gutenberg	65	58845	18.4869	﻿The Project Gutenberg eBook of Index of the Project Gutenberg Works of Alexander Pope	1
5	Gutenberg	66	59614	18.4860	﻿The Project Gutenberg eBook of Index of the Project Gutenberg Works of Christopher Morley	1
5	Gutenberg	67	59111	18.4841	﻿The Project Gutenberg eBook of Index of the Project Gutenberg Works of Lewis Carroll	1
5	Gutenberg	68	58843	18.4818	﻿The Project Gutenberg eBook of Index of the Project Gutenberg Works of Walt Whitman	1
5	Gutenberg	69	58440	18.4743	﻿The Project Gutenberg eBook of Index of the Project Gutenberg Works of Amelia Barr	1
5	Gutenberg	70	59123	18.4739	﻿The Project Gutenberg eBook of Index of the Project Gutenberg Works of Robert Browning	1
5	Gutenberg	71	57684	18.4731	﻿The Project Gutenberg eBook of Index of the Project Gutenberg Works of Irving Bacheller	1
5	Gutenberg	72	58182	18.4679	﻿The Project Gutenberg eBook of Index of the Project Gutenberg Works of Thomas Dixon	1
5	Gutenberg	73	58302	18.4670	﻿The Project Gutenberg eBook of Index of the Project Gutenberg Works of Baroness Orczy	1
5	Gutenberg	74	59280	18.4616	﻿The Project Gutenberg eBook of Index of the Project Gutenberg Works of Nathaniel Hawthorne	1
5	Gutenberg	75	58739	18.4577	﻿The Project Gutenberg eBook of Index of the Project Gutenberg Works of Benjamin Disraeli	1
5	Gutenberg	76	59228	18.4552	﻿The Project Gutenberg eBook of Index of the Project Gutenberg Works of Anatole France	1
5	Gutenberg	77	58646	18.4495	﻿The Project Gutenberg eBook of Index of the Project Gutenberg Works of Edmund Burke	1
5	Gutenberg	78	59023	18.4494	﻿The Project Gutenberg eBook of Index of the Project Gutenberg Works of Immanuel Kant	1
5	Gutenberg	79	59508	18.4480	﻿The Project Gutenberg eBook of Index of the Project Gutenberg Works of the Brothers Grimm	1
5	Gutenberg	80	59195	18.4459	﻿The Project Gutenberg eBook of Index of the Project Gutenberg Works of Leon Tolstoy	1
5	Gutenberg	81	58029	18.4455	﻿The Project Gutenberg eBook of Index of the Project Gutenberg Works of Oliver Goldsmith	1
5	Gutenberg	82	59708	18.4430	﻿The Project Gutenberg eBook of Index of the Project Gutenberg Works of Jonathan Swift	1
5	Gutenberg	83	59300	18.4360	﻿The Project Gutenberg eBook of Index of the Project Gutenberg Works of Bret Harte	1
5	Gutenberg	84	58075	18.4346	﻿The Project Gutenberg eBook of Index of the Project Gutenberg Works of Arnold Bennett	1
5	Gutenberg	85	58064	18.4337	﻿The Project Gutenberg eBook of Index of the Project Gutenberg Works of Grant Allen	1
5	Gutenberg	86	58478	18.4085	﻿The Project Gutenberg eBook of Index of the Project Gutenberg Works of Anthony Hope	1
5	Gutenberg	87	59766	18.4000	﻿The Project Gutenberg eBook of Index of the Project Gutenberg Works of Bayard Taylor	1
5	Gutenberg	88	59670	18.3977	﻿The Project Gutenberg eBook of Index of the Project Gutenberg Works of Upton Sinclair	1
5	Gutenberg	89	58089	18.3882	﻿The Project Gutenberg eBook of Index of the Project Gutenberg Works of Wilkie Collins	1
5	Gutenberg	90	58676	18.3870	﻿The Project Gutenberg eBook of Index of the Project Gutenberg Works of Benjamin Franklin	1
5	Gutenberg	91	57702	18.3854	﻿The Project Gutenberg eBook of Index of the Project Gutenberg Works of Victor Hugo	1
5	Gutenberg	92	59462	18.3814	﻿The Project Gutenberg eBook of Index of the Project Gutenberg Works of Henry James	1
5	Gutenberg	93	59540	18.3706	﻿The Project Gutenberg eBook of Index of the Project Gutenberg Works of John McElroy	1
5	Gutenberg	94	59391	18.3670	﻿The Project Gutenberg eBook of Index of the Project Gutenberg Works of Bertrand Russell	1
5	Gutenberg	95	58825	18.3521	﻿The Project Gutenberg eBook of Index of the Project Gutenberg Works of Jonathan Swift	1
5	Gutenberg	96	58249	18.3482	﻿The Project Gutenberg eBook of Index of the Project Gutenberg Works of Henry Fielding	1
5	Gutenberg	97	59146	18.3408	﻿The Project Gutenberg eBook of Index of the Project Gutenberg Works of George Cruikshank	1
5	Gutenberg	98	58477	18.3372	﻿The Project Gutenberg eBook of Index of the Project Gutenberg Works of Herman Melville	1
5	Gutenberg	99	59122	18.3323	﻿The Project Gutenberg eBook of Index of the Project Gutenberg Works of Lord Byron	1
5	Gutenberg	100	59359	18.3270	﻿The Project Gutenberg eBook of Index of the Project Gutenberg Works of Fergus Hume	1
6	Dornröschen	1	61708	16.1552	werden. Dornröschen. Nach den Vorstellungen mußte oft bis vier Uhr Morgens	2229
6	Dornröschen	2	35116	14.5002	little Dornröschen who had retired to her solitude, and was dreaming of	4524
6	Dornröschen	3	28100	14.2960	Ansicht entsprechen, beispielsweise unser allerliebstes Dornröschen.	2144
6	Dornröschen	4	42900	13.8201	Dornröschen	106
6	Dornröschen	5	63465	13.7770	Das Dornröschen.	7438
6	Dornröschen	6	19716	13.6962	3. Dornröschen.	1920
6	Dornröschen	7	30038	13.2357	DORNRÖSCHEN	792
6	Dornröschen	8	22160	12.9733	{Section VII.} Musik, Dornröschen etc.......................... 143	211
6	Dornröschen	9	35547	12.6582	willst, so mache ich das Dornröschen im Schloß, und du kommst mich	765
6	Dornröschen	10	62670	11.8680	Nr. 1. =Dornröschen=, gez. v. J. Diez, München	679
6	Dornröschen	11	31281	10.5523	88. Dornröschen.	4046
6	Dornröschen	12	30269	10.5283	ought not to be. They did not long believe in Dornröschen and	1483
6	Dornröschen	13	71976	10.3874	miterlebt haben? Es bestehen Pläne, auch dieses Dornröschen aus langem	449
6	Dornröschen	14	40801	10.1263	elé: mintha a Dornröschen kastélya előtt állapodtak volna meg. Sehol,	289
6	Dornröschen	15	60684	10.0120	Dornröschen und dem Ritter Blaubart im dunklen Waldesgrund.	2485
6	Dornröschen	16	70560	9.8466	Wein darum und legte mich mit geschlossenen Augen ins Gras. Dornröschen	1369
6	Dornröschen	17	65600	9.7617	Teich ein weltvergessenes Waldmärchen. Ein grünlockiges Dornröschen,	2629
6	Dornröschen	18	45661	9.7384	Erfolg gefunden. Denn an die hundertjährigen Hecken, die das Dornröschen	333
6	Dornröschen	19	27254	9.6435	der Tat, sie ist märchenhaft: ein Dornröschen, durch das reine Streben	96
6	Dornröschen	20	39782	9.5130	Dornröschen, which in English we call The Sleeping Beauty, where the	775
6	Dornröschen	21	54738	9.4836	Elise, von uns das Dornröschen genannt, im Russischen übte.	4391
6	Dornröschen	22	46550	9.3560	Resultat anging, ebensogut vom Dornröschen hätten besetzt sein können,	398
6	Dornröschen	23	50444	9.2418	ebensogut vor das schlafende Schloß der Prinzeß Dornröschen kommen	1309
6	Dornröschen	24	66573	9.1910	von Dornröschen findet, die von Rosenduft und Morgentau zu leben glauben,	1576
6	Dornröschen	25	69797	9.0815	aufgepflanzt, vornean der Lautenspieler, blond wie Dornröschen und das	602
6	Dornröschen	26	60579	8.6724	gewesen, der so bekannte Weltmärchen wie »Dornröschen«, »Blaubart«,	3858
6	Dornröschen	27	48127	8.2387	vom Dornröschen an, aber der böse Sandmann kam und streute so viel Sand	2045
6	Dornröschen	28	50888	8.1890	liegen, bis endlich ein erwachsendes Dornröschen, eine junge, wenig	4849
6	Dornröschen	29	68401	8.1677	farbige Vervielfältigung nach einer Originalzeichnung „Dornröschen	2220
6	Dornröschen	30	61833	8.0982	Darstellungen aus dem Märchen (Dornröschen) und der Sage (Barbarossa)	3056
6	Dornröschen	31	64466	7.7450	zurück. Die Mutter erzählte gerade die Geschichte vom Dornröschen, er	5653
6	Dornröschen	32	51901	7.7430	mir den Weg zur Prinzeß Dornröschen gebahnt hatte -- war eine Lüge! Mit	5084
6	Dornröschen	33	31099	7.3242	when on stable duty, allowed Dornröschen to get caught in her chain.	1408
6	Dornröschen	34	46204	7.3095	Erfolg gehabt. Denn an die hundertjährigen Hecken, die das Dornröschen von	1229
6	Dornröschen	35	12012	7.2246	Kindermärchen vom Dornröschen wird hievon gesungen und gesagt. Denn wenn	1717
6	Dornröschen	36	66391	7.1261	Schneewitschen, Der Rattenfänger von Hamlin, Dornröschen, and all the	3300
6	Dornröschen	37	71774	6.9809	Dornröschen; Marienkind.	6630
6	Dornröschen	38	15070	6.9319	Leben im Mutterschoß wie Dornröschen in den Hecken, bis ein einziger	408
6	Dornröschen	39	18947	6.6437	_Dornröschen_, or the Sleeping Beauty, there are twelve good fays;	6199
6	Dornröschen	40	42286	6.4932	Dornröschen népe, s csak Viktor ketyegett, mint egy ócska falióra: a kis	10251
6	Dornröschen	41	49395	6.4358	Frau Dornröschen. M. 3.--.	8263
6	Dornröschen	42	45936	6.3517	Dornröschen hat sicherlich darauf Bezug, und ich wüßte nicht, was diese	2107
6	Dornröschen	43	28938	6.2119	Dornröschen, ein selig Erwachen. Ich, dein Sohn, bin dein Ritter. Ich will	1399
6	Dornröschen	44	29634	6.1416	"1895. April 13. Introduction to opera ""Dornröschen."" Boston, Mass."	10428
6	Dornröschen	45	68883	6.0034	ein Wachsfigurencabinet, in welchem z. B. Dornröschen, von einem	5728
6	Dornröschen	46	2779	5.9560	Dornröschen, die darauf warten, von der Barmherzigkeit und	4692
6	Dornröschen	47	5724	5.9475	into Dornröschen, the Sleeping Beauty of our children's tales.	8067
6	Dornröschen	48	62673	5.9301	so wie Dornröschen in ihrem moosgrünen Bett,	14778
6	Dornröschen	49	62473	5.7789	álmot aludtak, de uj életre keltek s a Dornröschen bennük rejlett örök	5512
6	Dornröschen	50	38502	5.7029	Dornröschen schlummert. Aber als des Jahres letzte Henkerstündlein	3644
6	Dornröschen	51	16248	5.5668	followed in 1902 by 'Dornröschen,' another fairy play accompanied by	7609
6	Dornröschen	52	49199	5.4011	Dornröschen dar, wie der Prinz es gerade wachküßt, das schenkte sie ihm.	766
6	Dornröschen	53	63498	5.3660	auch das verborgene Veilchen und das Dornröschen in der Wildniß.	11724
6	Dornröschen	54	49083	5.3436	vom schlafenden Dornröschen zu Grunde gelegt, und lasse vier schnurrige	8072
6	Dornröschen	55	60500	4.9709	Busens. Sein Lippenpaar ist auch so ein Dornröschen, so knospend, so	11854
6	Dornröschen	56	43393	4.9647	Dornröschen herself, but her money-bags from the spell.  Well, the	8154
6	Dornröschen	57	13814	4.9396	briar round the beautiful maiden (hence named Dornröschen) when the	1114
6	Dornröschen	58	56769	4.9381	Dornröschen selbst, sondern ihre Geldsäcke aus dem Zauberbanne erlöst?	9386
6	Dornröschen	59	47584	4.3937	cocinero del cuento de Dornröschen, lo primero que hizo al despertarse	8651
6	Dornröschen	60	53856	4.3740	Da schlief Dornröschen, die schöne Prinzessin, hinter dem Zauber der	12403
6	Dornröschen	61	30211	4.2277	cuisinier du conte de Dornröschen, la première chose qu'elle fit en se	9016
6	Dornröschen	62	16301	4.1542	klang, von Schneewittchen und Dornröschen erzählend oder von der kleinen	632
6	Dornröschen	63	24782	4.0716	Schlummer geschlossenen Augen auf, wie die Prinzessin Dornröschen im	13605
6	Dornröschen	64	54392	4.0669	has produced several other fairy operas, such as “Dornröschen,” “Die	14968
6	Dornröschen	65	5314	2.6251	50 Little Briar-Rose (Dornröschen)	91
6	Dornröschen	66	25545	2.0557	"""Dornröschen,"" and the more literal"	11958
6	Dornröschen	67	10223	0.8879	Volksgesang und Dornröschen (in der Berliner Nationalgalerie)	62943
